Workbook

Sheet Resumen de exportación
B3: Este documento se ha exportado desde Numbers. Cada tabla se ha convertido en una hoja de cálculo de Excel. Los demás objetos de las hojas de Numbers se han colocado en distintas hojas de cálculo. Recuerda que el cálculo de fórmulas puede ser diferente en Excel.
B7: Nombre de hoja de Numbers | C7: Nombre de tabla de Numbers | D7: Nombre de hoja de cálculo de Excel
B9: GRUPOS
C10: Tabla 1 | D10: GRUPOS
B11: Al-Khwarizmi
C12: Tabla 1 | D12: Al-Khwarizmi
B13: Arquimedes
C14: Tabla 1 | D14: Arquimedes
B15: Descartes
C16: Tabla 1 | D16: Descartes
B17: Euclides
C18: Tabla 1 | D18: Euclides
B19: Euler
C20: Tabla 1 | D20: Euler
B21: Gauss
C22: Tabla 1 | D22: Gauss
B23: Leibniz
C24: Tabla 1 | D24: Leibniz
B25: Pitagoras
C26: Tabla 1 | D26: Pitagoras
B27: Llull
C28: Tabla 1 | D28: Llull
B29: PARAMETROS
C30: Tabla 1 | D30: PARAMETROS

Sheet GRUPOS
A1: Qué grupo eres | C1: <=Por favor, elige tu grupo del desplegable
A3: Puntos | B3: Grupo
A4: 1 | C4: <=Por favor, selecciona cada uno de los grupos del deplegable para establecer la ordenación
A5: 2
A6: 3
A7: 4
A8: 5
A9: 6
A10: 7
A11: 8

Sheet Al-Khwarizmi
A1: Quién eres | C1: <=Por favor, elige tu nombre del desplegable
A3: Miembro | B3: Puntos
A4: {=IF('PARAMETROS'!A15=$B$1,"",'PARAMETROS'!A15)} -> Aguilera González, Juan Carlos | B4: 0
A5: {=IF('PARAMETROS'!A16=$B$1,"",'PARAMETROS'!A16)} -> Nieto Jiménez, Álvaro | B5: 0
A6: {=IF('PARAMETROS'!A17=$B$1,"",'PARAMETROS'!A17)} -> Sánchez Jiménez, Marcondes | B6: 0
A7: {=IF('PARAMETROS'!A18=$B$1,"",'PARAMETROS'!A18)} -> Torre Juárez, Francisco de La | B7: 0
A8: {=IF('PARAMETROS'!A19=$B$1,"",'PARAMETROS'!A19)} -> Verjano Pérez, Esperanza | B8: 0
A9: {=IF('PARAMETROS'!A20=$B$1,"",'PARAMETROS'!A20)} | B9: 0
A10: {=IF('PARAMETROS'!A21=$B$1,"",'PARAMETROS'!A21)} | B10: 0
A11: {=IF('PARAMETROS'!A22=$B$1,"",'PARAMETROS'!A22)} | B11: 0
A12: {=IF('PARAMETROS'!A23=$B$1,"",'PARAMETROS'!A23)} | B12: 0
A13: {=IF('PARAMETROS'!A24=$B$1,"",'PARAMETROS'!A24)} | B13: 0
A14: {=IF('PARAMETROS'!A25=$B$1,"",'PARAMETROS'!A25)} | B14: 0
A15: {=IF('PARAMETROS'!A26=$B$1,"",'PARAMETROS'!A26)} | B15: 0
A16: Puntos restantes | B16: {='PARAMETROS'!$D$2-SUM(B4:B15)} -> 25

Sheet Arquimedes
A1: Quién eres | C1: <=Por favor, elige tu nombre del desplegable
A3: Miembro | B3: Puntos
A4: {=IF('PARAMETROS'!A29=$B$1,"",'PARAMETROS'!A29)} -> Bautista Ocaña, Hugo | B4: 0
A5: {=IF('PARAMETROS'!A30=$B$1,"",'PARAMETROS'!A30)} -> Fernández Gambero, Aquiles | B5: 0
A6: {=IF('PARAMETROS'!A31=$B$1,"",'PARAMETROS'!A31)} -> Godoy Salazar, José | B6: 0
A7: {=IF('PARAMETROS'!A32=$B$1,"",'PARAMETROS'!A32)} -> Liebana Valero, Gabriel | B7: 0
A8: {=IF('PARAMETROS'!A33=$B$1,"",'PARAMETROS'!A33)} -> Plata Ríos, Rubén | B8: 0
A9: {=IF('PARAMETROS'!A34=$B$1,"",'PARAMETROS'!A34)} -> Rosales Arévalo, Francisco | B9: 0
A10: {=IF('PARAMETROS'!A35=$B$1,"",'PARAMETROS'!A35)} -> Sánchez Marín, Angel Sergio | B10: 0
A11: {=IF('PARAMETROS'!A36=$B$1,"",'PARAMETROS'!A36)} | B11: 0
A12: {=IF('PARAMETROS'!A37=$B$1,"",'PARAMETROS'!A37)} | B12: 0
A13: {=IF('PARAMETROS'!A38=$B$1,"",'PARAMETROS'!A38)} | B13: 0
A14: {=IF('PARAMETROS'!A39=$B$1,"",'PARAMETROS'!A39)} | B14: 0
A15: {=IF('PARAMETROS'!A40=$B$1,"",'PARAMETROS'!A40)} | B15: 0
A16: Puntos restantes | B16: {='PARAMETROS'!$D$3-SUM(B4:B15)} -> 35

Sheet Descartes
A1: Quién eres | C1: <=Por favor, elige tu nombre del desplegable
A3: Miembro | B3: Puntos
A4: {=IF('PARAMETROS'!A43=$B$1,"",'PARAMETROS'!A43)} -> Acedo Moreno, Javier | B4: 0
A5: {=IF('PARAMETROS'!A44=$B$1,"",'PARAMETROS'!A44)} -> Fernández Sanz, Carlos | B5: 0
A6: {=IF('PARAMETROS'!A45=$B$1,"",'PARAMETROS'!A45)} -> Liu, Rulin | B6: 0
A7: {=IF('PARAMETROS'!A46=$B$1,"",'PARAMETROS'!A46)} -> Marchante Vento, Benito | B7: 0
A8: {=IF('PARAMETROS'!A47=$B$1,"",'PARAMETROS'!A47)} -> Merroun, Youssef | B8: 0
A9: {=IF('PARAMETROS'!A48=$B$1,"",'PARAMETROS'!A48)} -> Reinoso Alvarado, Álvaro | B9: 0
A10: {=IF('PARAMETROS'!A49=$B$1,"",'PARAMETROS'!A49)} -> Sopranzetti, Macarena | B10: 0
A11: {=IF('PARAMETROS'!A50=$B$1,"",'PARAMETROS'!A50)} | B11: 0
A12: {=IF('PARAMETROS'!A51=$B$1,"",'PARAMETROS'!A51)} | B12: 0
A13: {=IF('PARAMETROS'!A52=$B$1,"",'PARAMETROS'!A52)} | B13: 0
A14: {=IF('PARAMETROS'!A53=$B$1,"",'PARAMETROS'!A53)} | B14: 0
A15: {=IF('PARAMETROS'!A54=$B$1,"",'PARAMETROS'!A54)} | B15: 0
A16: Puntos restantes | B16: {='PARAMETROS'!$D$4-SUM(B4:B15)} -> 35

Sheet Euclides
A1: Quién eres | C1: <=Por favor, elige tu nombre del desplegable
A3: Miembro | B3: Puntos
A4: {=IF('PARAMETROS'!A57=$B$1,"",'PARAMETROS'!A57)} -> Arranz Avilés, Cristina | B4: 0
A5: {=IF('PARAMETROS'!A58=$B$1,"",'PARAMETROS'!A58)} -> Bernal Carretero, José | B5: 0
A6: {=IF('PARAMETROS'!A59=$B$1,"",'PARAMETROS'!A59)} -> Domínguez Torres, José María | B6: 0
A7: {=IF('PARAMETROS'!A60=$B$1,"",'PARAMETROS'!A60)} -> Gallegos Ramírez, Víctor | B7: 0
A8: {=IF('PARAMETROS'!A61=$B$1,"",'PARAMETROS'!A61)} -> Lara Prades, Miguel De | B8: 0
A9: {=IF('PARAMETROS'!A62=$B$1,"",'PARAMETROS'!A62)} -> Troyano Gil, Rocío | B9: 0
A10: {=IF('PARAMETROS'!A63=$B$1,"",'PARAMETROS'!A63)} | B10: 0
A11: {=IF('PARAMETROS'!A64=$B$1,"",'PARAMETROS'!A64)} | B11: 0
A12: {=IF('PARAMETROS'!A65=$B$1,"",'PARAMETROS'!A65)}
A13: {=IF('PARAMETROS'!A66=$B$1,"",'PARAMETROS'!A66)}
A14: {=IF('PARAMETROS'!A67=$B$1,"",'PARAMETROS'!A67)}
A15: {=IF('PARAMETROS'!A68=$B$1,"",'PARAMETROS'!A68)}
A16: Puntos restantes | B16: {='PARAMETROS'!$D$5-SUM(B4:B15)} -> 35

Sheet Euler
A1: Quién eres | C1: <=Por favor, elige tu nombre del desplegable
A3: Miembro | B3: Puntos
A4: {=IF('PARAMETROS'!A71=$B$1,"",'PARAMETROS'!A71)} -> Ballesteros Cordón, Daniel | B4: 0
A5: {=IF('PARAMETROS'!A72=$B$1,"",'PARAMETROS'!A72)} -> Cortés Ocaña, Jorge Sebastián | B5: 0
A6: {=IF('PARAMETROS'!A73=$B$1,"",'PARAMETROS'!A73)} -> Rodríguez Benítez, Cristina | B6: 0
A7: {=IF('PARAMETROS'!A74=$B$1,"",'PARAMETROS'!A74)} -> Rodríguez Dik, Denis | B7: 0
A8: {=IF('PARAMETROS'!A75=$B$1,"",'PARAMETROS'!A75)} -> Plaza Ortiz, José | B8: 0
A9: {=IF('PARAMETROS'!A76=$B$1,"",'PARAMETROS'!A76)} -> Wang, Yipin | B9: 0
A10: {=IF('PARAMETROS'!A77=$B$1,"",'PARAMETROS'!A77)} | B10: 0
A11: {=IF('PARAMETROS'!A78=$B$1,"",'PARAMETROS'!A78)} | B11: 0
A12: {=IF('PARAMETROS'!A79=$B$1,"",'PARAMETROS'!A79)} | B12: 0
A13: {=IF('PARAMETROS'!A80=$B$1,"",'PARAMETROS'!A80)} | B13: 0
A14: {=IF('PARAMETROS'!A81=$B$1,"",'PARAMETROS'!A81)} | B14: 0
A15: Puntos restantes | B15: {='PARAMETROS'!$D$6-SUM(B4:B14)} -> 30

Sheet Gauss
A1: Quién eres | B1: Jiménez Mancera, Alejandro | C1: <=Por favor, elige tu nombre del desplegable
A3: Miembro | B3: Puntos
A4: {=IF('PARAMETROS'!A85=$B$1,"",'PARAMETROS'!A85)} -> Benítez Anaya, Adriana | B4: 7
A5: {=IF('PARAMETROS'!A86=$B$1,"",'PARAMETROS'!A86)} -> Burbano Klinger, Mateo | B5: 3
A6: {=IF('PARAMETROS'!A87=$B$1,"",'PARAMETROS'!A87)} -> Delgado Sheperd, Rafael | B6: 6
A7: {=IF('PARAMETROS'!A88=$B$1,"",'PARAMETROS'!A88)} | B7: 0
A8: {=IF('PARAMETROS'!A89=$B$1,"",'PARAMETROS'!A89)} -> Ruiz Lara, Gonzalo | B8: 7
A9: {=IF('PARAMETROS'!A90=$B$1,"",'PARAMETROS'!A90)} -> Sepasi, Aryan | B9: 5
A10: {=IF('PARAMETROS'!A91=$B$1,"",'PARAMETROS'!A91)} -> Subiza Lupiáñez, Eloy | B10: 7
A11: {=IF('PARAMETROS'!A92=$B$1,"",'PARAMETROS'!A92)} -> 0 | B11: 0
A12: {=IF('PARAMETROS'!A93=$B$1,"",'PARAMETROS'!A93)} -> 0 | B12: 0
A13: {=IF('PARAMETROS'!A94=$B$1,"",'PARAMETROS'!A94)} -> 0 | B13: 0
A14: {=IF('PARAMETROS'!A95=$B$1,"",'PARAMETROS'!A95)} -> 0 | B14: 0
A15: {=IF('PARAMETROS'!A96=$B$1,"",'PARAMETROS'!A96)} -> 0 | B15: 0
A16: Puntos restantes | B16: {='PARAMETROS'!$D$7-SUM(B4:B15)} -> 0

Sheet Leibniz
A1: Quién eres | C1: <=Por favor, elige tu nombre del desplegable
A3: Miembro | B3: Puntos
A4: {=IF('PARAMETROS'!A99=$B$1,"",'PARAMETROS'!A99)} -> Duplava, Víctor | B4: 0
A5: {=IF('PARAMETROS'!A100=$B$1,"",'PARAMETROS'!A100)} -> García Ortiz, Óscar | B5: 0
A6: {=IF('PARAMETROS'!A101=$B$1,"",'PARAMETROS'!A101)} -> García Rodríguez, Juan Manuel | B6: 0
A7: {=IF('PARAMETROS'!A102=$B$1,"",'PARAMETROS'!A102)} -> Jiménez Jiménez, Javier Andrés | B7: 0
A8: {=IF('PARAMETROS'!A103=$B$1,"",'PARAMETROS'!A103)} -> Macías García, Miguel Ángel | B8: 0
A9: {=IF('PARAMETROS'!A104=$B$1,"",'PARAMETROS'!A104)} -> Pérez Vega, Miguel | B9: 0
A10: {=IF('PARAMETROS'!A105=$B$1,"",'PARAMETROS'!A105)} -> Puerto Molina, Daniel | B10: 0
A11: {=IF('PARAMETROS'!A106=$B$1,"",'PARAMETROS'!A106)} | B11: 0
A12: {=IF('PARAMETROS'!A107=$B$1,"",'PARAMETROS'!A107)} | B12: 0
A13: {=IF('PARAMETROS'!A108=$B$1,"",'PARAMETROS'!A108)} | B13: 0
A14: {=IF('PARAMETROS'!A109=$B$1,"",'PARAMETROS'!A109)} | B14: 0
A15: {=IF('PARAMETROS'!A110=$B$1,"",'PARAMETROS'!A110)} | B15: 0
A16: Puntos restantes | B16: {='PARAMETROS'!$D$8-SUM(B4:B15)} -> 30

Sheet Pitagoras
A1: Quién eres | C1: <=Por favor, elige tu nombre del desplegable
A3: Miembro | B3: Puntos
A4: {=IF('PARAMETROS'!A113=$B$1,"",'PARAMETROS'!A113)} -> Martín Andújar, Loretta | B4: 0
A5: {=IF('PARAMETROS'!A114=$B$1,"",'PARAMETROS'!A114)} -> Mustafa, Robert Marian | B5: 0
A6: {=IF('PARAMETROS'!A115=$B$1,"",'PARAMETROS'!A115)} -> Rodríguez Marcos, Adiel | B6: 0
A7: {=IF('PARAMETROS'!A116=$B$1,"",'PARAMETROS'!A116)} -> Rodríguez Pérez, Sandra | B7: 0
A8: {=IF('PARAMETROS'!A117=$B$1,"",'PARAMETROS'!A117)} -> Romero López, Telesforo | B8: 0
A9: {=IF('PARAMETROS'!A118=$B$1,"",'PARAMETROS'!A118)} -> Ruiz Navas, Sergio | B9: 0
A10: {=IF('PARAMETROS'!A119=$B$1,"",'PARAMETROS'!A119)} -> Trujillo Sánchez-mateos, Hugo | B10: 0
A11: {=IF('PARAMETROS'!A120=$B$1,"",'PARAMETROS'!A120)} | B11: 0
A12: {=IF('PARAMETROS'!A121=$B$1,"",'PARAMETROS'!A121)} | B12: 0
A13: {=IF('PARAMETROS'!A122=$B$1,"",'PARAMETROS'!A122)} | B13: 0
A14: {=IF('PARAMETROS'!A123=$B$1,"",'PARAMETROS'!A123)} | B14: 0
A15: {=IF('PARAMETROS'!A124=$B$1,"",'PARAMETROS'!A124)} | B15: 0
A16: Puntos restantes | B16: {='PARAMETROS'!$D$9-SUM(B4:B15)} -> 35

Sheet Llull
A1: Quién eres | C1: <=Por favor, elige tu nombre del desplegable
A3: Miembro | B3: Puntos
A4: {=IF('PARAMETROS'!A127=$B$1,"",'PARAMETROS'!A127)} -> Al Haidar El Boudrai, Yousef | B4: 0
A5: {=IF('PARAMETROS'!A128=$B$1,"",'PARAMETROS'!A128)} -> Guerrero Mejía, Irene | B5: 0
A6: {=IF('PARAMETROS'!A129=$B$1,"",'PARAMETROS'!A129)} -> Martínez Saborido, Javier | B6: 0
A7: {=IF('PARAMETROS'!A130=$B$1,"",'PARAMETROS'!A130)} -> Mérida-nicolich Maldonado, Gonzalo | B7: 0
A8: {=IF('PARAMETROS'!A131=$B$1,"",'PARAMETROS'!A131)} -> Pérez-piaya Ayoso, Miguel | B8: 0
A9: {=IF('PARAMETROS'!A132=$B$1,"",'PARAMETROS'!A132)} -> Rodríguez González, Néstor | B9: 0
A10: {=IF('PARAMETROS'!A133=$B$1,"",'PARAMETROS'!A133)} -> Rodríguez Martínez, Adrián | B10: 0
A11: {=IF('PARAMETROS'!A134=$B$1,"",'PARAMETROS'!A134)} | B11: 0
A12: {=IF('PARAMETROS'!A135=$B$1,"",'PARAMETROS'!A135)} | B12: 0
A13: {=IF('PARAMETROS'!A136=$B$1,"",'PARAMETROS'!A136)} | B13: 0
A14: {=IF('PARAMETROS'!A137=$B$1,"",'PARAMETROS'!A137)} | B14: 0
A15: {=IF('PARAMETROS'!A138=$B$1,"",'PARAMETROS'!A138)} | B15: 0
A16: Puntos restantes | B16: {='PARAMETROS'!$D$10-SUM(B4:B15)} -> 35

Sheet PARAMETROS
A1: Grupos | B1: No seleccionados | C1: Integrantes | D1: Puntos
A2: Al-Khwarizmi | B2: {=IF(COUNTIF('GRUPOS'!B1:B12,A2)>0,"",A2)} -> Al-Khwarizmi | C2: 5 | D2: {=C2*10/2} -> 25
A3: Arquimedes | B3: {=IF(COUNTIF('GRUPOS'!B1:B12,A3)>0,"",A3)} -> Arquimedes | C3: 7 | D3: {=C3*10/2} -> 35
A4: Descartes | B4: {=IF(COUNTIF('GRUPOS'!B1:B12,A4)>0,"",A4)} -> Descartes | C4: 7 | D4: {=C4*10/2} -> 35
A5: Euclides | B5: {=IF(COUNTIF('GRUPOS'!B1:B12,A5)>0,"",A5)} -> Euclides | C5: 7 | D5: {=C5*10/2} -> 35
A6: Euler | B6: {=IF(COUNTIF('GRUPOS'!B1:B12,A6)>0,"",A6)} -> Euler | C6: 6 | D6: {=C6*10/2} -> 30
A7: Gauss | B7: {=IF(COUNTIF('GRUPOS'!B1:B12,A7)>0,"",A7)} -> Gauss | C7: 7 | D7: {=C7*10/2} -> 35
A8: Leibniz | B8: {=IF(COUNTIF('GRUPOS'!B1:B12,A8)>0,"",A8)} -> Leibniz | C8: 6 | D8: {=C8*10/2} -> 30
A9: Pitagoras | B9: {=IF(COUNTIF('GRUPOS'!B1:B12,A9)>0,"",A9)} -> Pitagoras | C9: 7 | D9: {=C9*10/2} -> 35
A10: Llull | B10: {=IF(COUNTIF('GRUPOS'!B1:B12,A10)>0,"",A10)} -> Llull | C10: 7 | D10: {=C10*10/2} -> 35
A14: Al-Khwarizmi
A15: Aguilera González, Juan Carlos
A16: Nieto Jiménez, Álvaro
A17: Sánchez Jiménez, Marcondes
A18: Torre Juárez, Francisco de La
A19: Verjano Pérez, Esperanza
A28: Arquimedes
A29: Bautista Ocaña, Hugo
A30: Fernández Gambero, Aquiles
A31: Godoy Salazar, José
A32: Liebana Valero, Gabriel
A33: Plata Ríos, Rubén
... A133: Rodríguez Martínez, Adrián
